text,label1,label2
"Based upon Business category: Restaurant Category : The Restaurant - the food is so good and not even remotely good. I can find nothing remotely tasteful. (I do know how to prepare everything I like and everything is fine, but this is still an awful restaurant to me) I would have liked to keep buying more",Business Category: Restaurants,Review Stars: 1.0
"Just found it a great food service establishment in a nice location and would come back for dinner if needed. The service was quick for the part. On one of my guests there were waiting in the front and we just sat there for a half hour. After one minute, there was still nothing for us. All the",Business Category: Restaurants,Review Stars: 1.0
"This place is totally inadequate. It just feels very empty that they do that. They did their homework at work which is probably part of my job experience. As for the customers, the customer service is really terrible. If you come by the counter during business hours, your only option is to order out for drinks on",Business Category: Restaurants,Review Stars: 1.0
"At this, I felt sad that this restaurant would ever take this far. They are the epitome of quality. I can only guess why but I can't do more of that. Their food is always really tasty, their service and decorate the dishes well. I will definitely stop to buy from the menu",Business Category: Restaurants,Review Stars: 1.0
Based upon Business category: Restaurant & Bar Owner The staff had excellent hospitality. I couldn't help but feel very bad because I had no idea what we would be making. Our waiter kept telling me I would have a drink at the restaurant as I was still not getting enough to fill myself up. When we came back,Business Category: Restaurants,Review Stars: 1.0
"Based on Business Category: Restaurants Review Stars: 1.0, please rephrase the following sentences orally: The service on our last trip was awful. When we were eating, our tablemates took the order with food and asked us to order the exact amount they had. We even had to wait 30 seconds for the food that our guests had ordered. To our surprise our waiter was very understanding and kind to both of us",Business Category: Restaurants,Review Stars: 1.0
"Our customers were nice, very friendly at first. Our only problem was being seated long too many rows deep. After three more customers left we were forced to wait two hours. I have seen my waitress try at this place before.",Business Category: Restaurants,Review Stars: 1.0
We were able to enjoy the menu. We just waited as we ordered at around 5 or 10-6 minutes. After the order process the server got out of his or her chairs. He had no idea what our plan was about to be about as the service was terrible. Very disappointed in restaurant and would NEVER order at,Business Category: Restaurants,Review Stars: 1.0
"not a great product. The fries and the sandwiches were also terrible, even as I had previously been saying I could eat them, but the last few minutes had me hungry all night long, I never got the burger and my burger just wasn't great enough, so I've changed my thoughts on it and ordered more",Business Category: Restaurants,Review Stars: 1.0
"Based upon Business, I ordered my last item before noon and she came in asking what I was going to eat. After explaining the situation, she was very polite. The place I had ordered had not a table reserved for those people so it left me wondering exactly what was wrong. She would not even let us order",Business Category: Restaurants,Review Stars: 1.0
"Based over our salad day, the food didn't taste right. No noodles or sauces were served and I had to turn on the oven because they were starting the curry. All I ate, which looked ok, and the taste was very balanced. The chicken, eggs, soup etc were fresh! So I'm",Business Category: Restaurants,Review Stars: 1.0
5 out by Mike S on 6/24/2012 Just arrived last night. They say you won't get the most fabulous flavor but then have the best portions. We had the pizza crust which was amazing but not great on an original order. I was disappointed however when a few minutes after being placed there at a,Business Category: Restaurants,Review Stars: 1.0
"Couple of great restaurants but also a bad one... The service was too hard-headed. We couldn't really pick a good pizza in an empty, unused space with zero seating. It is so boring but the service is as bad. And if you like pizza so good! Don't make you go to any other",Business Category: Restaurants,Review Stars: 1.0
"Based on Business Category: Restaurants Review Stars: 1.0, please rephrase the following sentences casually: My reaction was that we could never live nextdoor, my food was awful that day. There would never be a customer here, I needed my money back and would go there for only one thing - a hamburger and fries. Well, because they were a bad customer for something like that, and because I told him",Business Category: Restaurants,Review Stars: 1.0
"The service is also slow and we got a horrible wait. ""You got the right service to serve us a nice food"" you don't know it better. The waitress did not answer the question of wait times (unless you answered, for example a time you were just about to leave and had gone into the",Business Category: Restaurants,Review Stars: 1.0
"Based on Business Category: Restaurants Review Stars: 1.0, please rephrase the following sentences briefly: were really pissed. As a restaurant employee you never know. I could be quite rude but I am very honest with you about my food choices and how disappointing the service had. The last time my waiter was there he was also doing a better job at a little bit (not that I needed an excuse) But it",Business Category: Restaurants,Review Stars: 1.0
"The restaurant will say, ""We made a reservation but didn't order."" (we tried to wait in the dining area but our server said it wasn't appropriate) This led me to assume they'd made plans but I found them wrong. So I went back out to try and order again. At 10 minutes from",Business Category: Restaurants,Review Stars: 1.0
"Based around BusinessCategory: Restaurant Reviews Reviews: 3,095 Overall Thoughts: I love what i have. I was actually disappointed by my waitress's response in that the restaurant was so slow (you couldn: don't pay to get out and then wait), although I enjoyed the service and order by appointment. It",Business Category: Restaurants,Review Stars: 1.0
I hope someone had noticed when I mentioned that one of his last two places is not that good. - How could the owner want that at the end of every meal that was a 'no?' I don't ever have tacos here. He was trying to buy it as a last resort and it turned out to be,Business Category: Restaurants,Review Stars: 1.0
"by Kevin.L. posted on 5:23am,, 6 September2014 Posted I read the ""Ginger Panko Pizza is like getting a slice of meat from a pizza"", you guys should read about all the places, if they give you any extra free pizzas, I won't go there.",Business Category: Restaurants,Review Stars: 1.0
This restaurant was just too hard. I had never served a food that looked really good inside but not on the outside. My second complaint was its high priced food service which I wasn't particularly interested in seeing when visiting the local area. (As much as I enjoy a local restaurant the location here really ruins your day,Business Category: Restaurants,Review Stars: 1.0
"[email protected] or, „Äè[contact email], they would never send us back. That's not good company business!! My friends I got a similar type customer in her hotel (who had to explain in less than 20 words to the person it was that this lady was just so mean for some",Business Category: Restaurants,Review Stars: 1.0
"http://t.co/tBtYYwfV6q ‚Äî Rakey Jones üéâ (@TookayJones) February 7, 2012 Seriously. The place does not have the food. My wife and I just ordered chicken pox for our Christmas lunch. How in the name",Business Category: Restaurants,Review Stars: 1.0
Noticing our departure I walked straight to the nearest restroom and made my way there (see the photo of the two who were waiting at our next location below). The manager was very unimpressed when I said it. After about 5 min. and he said we've all eaten with the ladies here for several weeks,Business Category: Restaurants,Review Stars: 1.0
You are viewing from the inside. Please enter a valid email address with your username. I won't spam you with spam email - i'm trying as hard as i can not send the email to you. This is definitely an upscale food. The menu is quite diverse so if it is a small business restaurant we may,Business Category: Restaurants,Review Stars: 1.0
"The food that I had was good tasting for the money but if you are just checking out something you won't make much. The menu was kind of small and hard to navigate. I have to ask the staff, the food did not come without your express agreement. This restaurant had the ""worst service available at the lowest",Business Category: Restaurants,Review Stars: 1.0
This was not a restaurant of quality or high quality... and it was certainly not an easy place to eat here. You'll just look inside for a second or two after they get their order back. No one else is serving at all and no one has their orders delivered and delivered. Most restaurant food we get served,Business Category: Restaurants,Review Stars: 1.0
"""We thought you had eaten here for lunch and didn't have our pick and order or the name of the restaurant (because I do not like the business). The place smells bad. I tried your chicken last year and the food smelled amazing!"" *No food or sauce* ""So I was thinking, what happened to",Business Category: Restaurants,Review Stars: 1.0
"This would have been a big surprise if the restaurant we went to couldn't have done something even remotely like this! They also were very fast and have lots of service "" That waiter took me 10 mins out of my wait order, when the next call came in I just said ok but no, I had",Business Category: Restaurants,Review Stars: 1.0
"My friend was super-surprised at how they treated us. If I ever got the chance to meet people who didn't come from here for an ""interior food experience,"" then they'll never have any problem making me go for their expensive appetizer - this is a shame - and never try out other than",Business Category: Restaurants,Review Stars: 1.0
"(The owner does not have any service that day.) Posted by: Dave.5 on March 16, 2018 1:12 AM We got an e... Read More I was just talking about these as you mentioned before but they had that extra large oven. I like their small version of my pizza sauce",Business Category: Restaurants,Review Stars: 1.0
"I thought there would be a change. I ordered from home and it had just shipped out and then on my way to work in about three-quarters hour. The chain employee at Walmart did not pay my bill and said that they could not handle a bag of sandwiches for just a week. To my amazement,",Business Category: Restaurants,Review Stars: 1.0
Review Summary: I ordered this meal because I am looking for fast food. The wait time of 8pm-1am was pretty short - and they would have to come in at 1:30 on my 3rd Wednesday of that week for me and two 5 minute wait with that same wait times with them waiting.,Business Category: Restaurants,Review Stars: 1.0
Based to a specific state and was surprised and annoyed to find fried sous-chef all packed in plastic and uneaten (even that soul of your meal comes out wet). Some reviews stated that the rice was almost 'frozen. After seeing what had been prepared I knew this is a really sloppy,Business Category: Restaurants,Review Stars: 1.0
5/4 5/11 4/22/2012 2:28:42 This tasted awful and lacked some of the flavor of a typical restaurant but this was ok for this family. It was quite flavorful and my son would often make the same suggestion he usually made to his daughters. Overall not my cup of tea,Business Category: Restaurants,Review Stars: 1.0
"Based on Business Category: Restaurants Review Stars: 1.0, please rephrase the following sentences concisely: I hope someone had noticed when I mentioned that one of his last two places is not that good. - How could the owner want that at the end of every meal that was a 'no?' I don't ever have tacos here. He was trying to buy it as a last resort and it turned out to be",Business Category: Restaurants,Review Stars: 1.0
I couldn't place any recommendations on the menu or the price of the sauce and the order came around quickly for me. Would probably have put my money on another choice but this restaurant is really on time to satisfy. Taste: Everything you would expect from something in the market for food. There was also a,Business Category: Restaurants,Review Stars: 1.0
"My food was left for a long time and was even spoiled before I got to work! If people were paying attention when buying what they ate, it could have been very expensive in such amounts. People seemed totally clueless about the problems facing local restaurants and the fact there should be a system of delivery. I tried the hamb",Business Category: Restaurants,Review Stars: 1.0
Posted by: Mark at 8/22/2018 07:59:29 PM Good pizza. I tried the Pizza Palace but they are the worst Pizza Deli in Boston. One thing I know for sure...the reviews in this website ARE AWESOME! Great tasting delicious Pizza * A,Business Category: Restaurants,Review Stars: 1.0
"After waiting three hours in a row, I was left completely unsatisfied when my order was brought out. There was nothing on the side that made it easy for me as most people I spoke with would go for some of what they ordered or thought would fit the bill with the least amount of time being in the wrong house",Business Category: Restaurants,Review Stars: 1.0
"then had to return their order, I told them it should be at least 1-2 minutes and didn't think it would get better. In short they refused and got another 2 hours in from what they ordered at 5pm. A lot of great customer service, clean bar, and I was even able to walk the",Business Category: Restaurants,Review Stars: 1.0
"Our waitress said the wait time was 20 minutes They weren't making anything and she kept saying 'it's all over.' Then she threw me out on the table. Then all the others started to come to the restaurant in droves, because we had not had a single good meal yet, but I have yet to",Business Category: Restaurants,Review Stars: 1.0
"But it is an extremely annoying part that people don't get enough in the restaurant. After the initial time, it seemed like this would never be done to any other place! It really annoys people to even ask about orders on that platform! So I try and avoid asking about what order I ordered. We don",Business Category: Restaurants,Review Stars: 1.0
"I got the chicken. It came out fine but when it comes to our order we were told ""this chicken is only a ""low"" for its quality!"" I've been using those reviews in restaurant reviews for years and now the staff was in my face! They did not come with the other items for me!!",Business Category: Restaurants,Review Stars: 1.0
"I think we were really served up at one bad place. For the BEST of brunch with the highest of prices! Took us 15 minutes to reach our goal for this trip. The other side. While our initial destination didn't offer up the most options, this meal lasted for nearly two hours,",Business Category: Restaurants,Review Stars: 1.0
"Crazy, huh? I thought the place was so nice. They had one of the best ices to this place but they just weren't good. It was like something outlier would set up when we made our way on. Anyway. As usual I got stuck here too. And I told a waiter I knew",Business Category: Restaurants,Review Stars: 1.0
"Posted By: Nick | Tue 3 Feb 2006 03:22:21 PM No: It's ok. I wasn't eating anything, except that chicken noodle with mushroom-based sauce on it. Maybe they'll send back the plate instead or something. There were already an additional 30 to 40 more things in the building",Business Category: Restaurants,Review Stars: 1.0
Posted by Kevin L. at 3:49 PM It's like you went shopping and was like a dog and walked right back out. That's how bad it is to put on food in here. It is super annoying and will never get out of here and they don't care what I order. The only,Business Category: Restaurants,Review Stars: 1.0
"Based on Business Category: Restaurants Review Stars: 1.0, please rephrase the following sentences with imagination: A lot of people hate shikatsu, and the answer is usually sushi. My answer should definitely be nothing more than that it's better than anything. There is simply no way to know whether an oyster is good enough, the quality of its seafood, or not. What do you want if this kind is",Business Category: Restaurants,Review Stars: 1.0
"Located at 2114 State St. NE, this was my first visit to an authentic Mexican restaurant and was definitely one that I will continue to go to! The food was excellent...well done, no need to be worried about anything else in there. However, the service was bad. While we were about to begin",Business Category: Restaurants,Review Stars: 1.0
"Posted by c_gullell on February 4, 2013 - First, I am glad to announce a quick one. All in all a great Japanese restaurant. Their Japanese version of Shikata - is the best kind of Japanese seafood I've ever eaten, so if the sushi is raw you won't like it",Business Category: Restaurants,Review Stars: 1.0
"the dishes a little better, and then when i brought my food the food was gone. A person who came in for us asked me if i knew all the ingredients for our table for that very good and tasty dish. I had no information whatsoever. She said something to that effect that we need some ingredients to make the",Business Category: Restaurants,Review Stars: 1.0
"The restaurant did not make the ""perfect"" food. Our food order had had an overwhelming amount of flavor that had no flavor whatsoever on our plate. No ""cheeses""! I know some have said on multiple occasions when I read online reviews that this restaurant does not know best. There are two items",Business Category: Restaurants,Review Stars: 1.0
"The service on our last trip was awful. When we were eating, our tablemates took the order with food and asked us to order the exact amount they had. We even had to wait 30 seconds for the food that our guests had ordered. To our surprise our waiter was very understanding and kind to both of us",Business Category: Restaurants,Review Stars: 1.0
"(the server got out and was getting angry when they stopped getting our orders) he took us into our next round of orders to ensure we hadn't missed a dime when ordering a piece of pizza for ourselves! One thing, this is NOT my first foray into culinary fare. Last year I spent the last several",Business Category: Restaurants,Review Stars: 1.0
"But if there's no more, there is a better service of service out right here...and a nicer restaurant on the block where they keep serving us good value to our dollars. Posted 01/02/15 This place sucks. I am extremely surprised I didn't notice. Their service also sucks that you had",Business Category: Restaurants,Review Stars: 1.0
"But, then I came to a very nice and nice restaurant, which was a good place to start. It opened a little before noon and got back in after a while to take us for a round trip. Once I left the parking lot, the waitress left. She went out with her friends to buy some more chicken",Business Category: Restaurants,Review Stars: 1.0
"The restaurant was very nice but the waitstaff was not attentive. Although we weren't here because we wanted some sort of treat on dessert to eat with the people there but you know what we always recommend, the other customer in the counter asked to go pick their food up. While I was at work it went on",Business Category: Restaurants,Review Stars: 1.0
"An unfulfilled order was handed to us again which we then proceeded to eat instead of getting on his plate. The staff would bring him the most delicious food to dinner, without telling me what the other diners ate. At this point I realized that the experience in all my interactions with them might be too bad.",Business Category: Restaurants,Review Stars: 1.0
"It was delicious and I have been looking for something better. One of the owners got out of jail a few months ago after admitting stealing and using his personal phone and this restaurant. We told them we would serve this chicken to their guests, but that they said no. Well, I never thought I'd learn something so",Business Category: Restaurants,Review Stars: 1.0
"Not really a restaurant for a long time. Don't even think about trying to fix the restaurant if you can. A lot of foodie friends who eat here regularly have a lot more patience than I. This is going on way too fast. If I could give my money away, this place would be nice (",Business Category: Restaurants,Review Stars: 1.0
The service at Burgerhouse has a lot of other things on it that can be frustrating though. This one also has nothing good for my personal tastes. We ordered some food and you will never get this taste right! I would always recommend checking your menu for changes. As if the service are really good (I don,Business Category: Restaurants,Review Stars: 1.0
"As for their food - I have tried plenty, and this place is sooooooo bad. All the best. This food can't last. If we could find out what the people here really do know they will stop at some of the other restaurant for dinner. We have had this before, but the one",Business Category: Restaurants,Review Stars: 1.0
"We had a great lunch here, even after our meal it was hard for other chefs and servers because everytime something went wrong after a reservation the table was stuck as people kept waiting for their waiter to go somewhere. While a lot of things that were done well were considered in our list the staff was really bad, especially",Business Category: Restaurants,Review Stars: 1.0
"Now I'd like to eat more meat. But then it went out that I could not order from the restaurant where they serve beef and pork. The meat on the table was terrible, so we made the attempt and I didn't get it. They offered a little menu with sandwiches and steak (a little like they",Business Category: Restaurants,Review Stars: 1.0
"It was so rude, they said you might get kicked out again. Oh well I didn't care, I just wanted that restaurant to back open with me again :) No way.. The server said they would take care of things, well that didn We were seated about 45 minutes in. I saw some patrons were talking",Business Category: Restaurants,Review Stars: 1.0
"based on that idea but it didn't work out so well for me. My food wasn't fresh enough, the staff was rude to me, there were no restaurants where I had food or would buy new food, people started talking about prices on things I did not have. After three times an hour or more they",Business Category: Restaurants,Review Stars: 1.0
"I have ever done was in a Chinese restaurant. I just ordered one in the Korean dish and it tasted bad. One time I said that ""The chicken was way too oily for my taste"". My response was: The chicken is fine, I ordered 3 and nothing better than good sauce with tomato sauce and rice on top",Business Category: Restaurants,Review Stars: 1.0
"Based on Business Category: Restaurants Review Stars: 1.0, please rephrase the following sentences in an informal way: And if you wanted to order and wait at the door we ordered the menu on-site in advance and had an hour before our table had opened that the restaurant had been a good day and a great time of our life. So if your not an experienced server but you're in our neighborhood and wanted a simple, refreshing",Business Category: Restaurants,Review Stars: 1.0
in what I assume was just a 'good dinner'. Unfortunately I didn't actually want to be served that 'bad quality' food and my wife was quite upset at us having such poor service at so very poor an restaurant that we were considering serving the dish but would not get along with our customers until we ordered the,Business Category: Restaurants,Review Stars: 1.0
"This restaurant has been sitting up for 20 years now, and still not getting my share. The next day and two minutes before the menu came out, all of my friends and family came and were looking for something and I thought they might not be up to my standard. I said I'll try to follow my gut",Business Category: Restaurants,Review Stars: 1.0
"This was by far the worst review I've ever seen in my entire life but the second one made sure I remember it so bad, when I finally said bye I knew what I did was no use, and all we ever received had my food (like all their food. but not all its served correctly). There was",Business Category: Restaurants,Review Stars: 1.0
"posted 6 hours ago This was my first experience at the restaurant (there was no pretense to the burger here), and since I've had my share of problems, a lot of it involves my inability to take my eyes off the floor after the rude waitress told me my menu has bad reviews. I had tried both burgers",Business Category: Restaurants,Review Stars: 1.0
The service that worked is not great and will usually leave your face wanting your order back as soon as you come and we can't guarantee our service. .. After reading these reviews of the dining experience on the TSR server side I couldn't say enough good things about the whole service..especially on,Business Category: Restaurants,Review Stars: 1.0
"Somewhat disappointed, as there is no one on the restaurant line who could explain to the owner when they ordered what they could get them, so she just let me take their order out. I have had multiple bad experience with service in the past with other patrons which makes me very disappointed with how she handled my",Business Category: Restaurants,Review Stars: 1.0
"Posted by c: Friday, January 18, 2013 4:42 pm 1 reviews ago ""They had to make the fries on toast instead! It was pretty damn good. The beef in this were amazing. But it would've gone in to the bun if they'd just been more careful!"" ""I wouldn't order",Business Category: Restaurants,Review Stars: 1.0
http://i.imgur.com/9ZKJ1oM.png ) just the other day at a restaurant. They had lunch at the back (I hate to mention food too) and the owner got all tired after seeing some people sit at tables while waiting for his own food. The bartender,Business Category: Restaurants,Review Stars: 1.0
I had just made the drive to the top end of a beautiful city with a good place to eat. We ordered four plates for the entrees and a small pizza. One guy ordered three very delicious but boring pizza so we ended up throwing all 3 of our appetizers. It was the only place the waiter allowed,Business Category: Restaurants,Review Stars: 1.0
"Looking to make our way through the line of patrons who were making very slow, sometimes late, to take to an outside restaurant, I noticed a lot of people in a hurry. They were hungry. I went in expecting that this restaurant would have me coming. The clerk said there was still not a customer of",Business Category: Restaurants,Review Stars: 1.0
I went out and picked them up. While the first person at the table ordered first (I will be honest in saying that I had not noticed my order even at lunchtime) but no good reaction arrived as soon. The manager of the front door and the owner of one other front bar at our table and they waited,Business Category: Restaurants,Review Stars: 1.0
"Based, if they are here for our food then what's their service?"" This also does mean if you order an order on this list you don 'nt want that, your customer service will be a big pain for someone like this, we'll leave it be. 'Please don- wait in line.' We",Business Category: Restaurants,Review Stars: 1.0
To be exact; this diner was full of appetizers and food. On that first day they had 20 total. Today they could not sell all. When I get in my car every couple hours to pick them up all their money is not wasted and that was a big thing. Posted 3:04 a - 1,Business Category: Restaurants,Review Stars: 1.0
"To: 3eaf2n3n5d, 61219@twitchellkolm.com; nvadilg@gmail. This is really bad at business class and rude at an event that is both professional and a pleasure gathering. My waitress at the party got so upset",Business Category: Restaurants,Review Stars: 1.0
"There had to be 2 or 3 people with us because I didn't give all the order until our lunch. I got this really bad. There was no food served so my girlfriend told me the food is ""too bad they forgot one man was in the middle of the plate...and did some better."" After giving our",Business Category: Restaurants,Review Stars: 1.0
Click here to report this Post. It came out moist like other reviewers so my first thought when I opened it was that it might not be delicious. But once I closed down the burger for the first time for some extra time the flavors began to get to me. Overall it tasted awesome and I will never leave a,Business Category: Restaurants,Review Stars: 1.0
"My reaction was that we could never live nextdoor, my food was awful that day. There would never be a customer here, I needed my money back and would go there for only one thing - a hamburger and fries. Well, because they were a bad customer for something like that, and because I told him",Business Category: Restaurants,Review Stars: 1.0
"When the first lady left for a walk back home, she did not even bother trying to get food on the table so we grabbed one by our backs while I grabbed her food. ------------------------- The waitress said: Thank god the menu is very good. Our waiter was fantastic and gave us ~~1",Business Category: Restaurants,Review Stars: 1.0
"I am not a big eatery user, so I would only try this service if you could take a bite out of some time with friends after a dinner. The customer service here does not look very pleasant and I cannot speak my rights, especially to myself. Thank you Restaurant Notification in order to be offered this package from",Business Category: Restaurants,Review Stars: 1.0
"So... that's why I didn't get the rice on their food. We were in good shape and they would just get a few slices when ready to grill the food after it was done. The owner did a good job! ÔøΩÔøΩ (Visited 9,546 times, 1 visits today)",Business Category: Restaurants,Review Stars: 1.0
"The next time I ordered something, the wait time would probably decrease. Not always. I also did not receive my ordering from that one. There may be other outlets, just a quick note of what kind the order was but it just doesn't seem right. Also, it's not very good in a big restaurant",Business Category: Restaurants,Review Stars: 1.0
"""If only I had a sandwich instead"" The McDonalds of South Central Chicago (and it seems it is on most orders like that) are always a little annoyed when they don't have one like McDonald's and I find this insulting. However for some McDonald food tastes just fine. When you're not so focused on",Business Category: Restaurants,Review Stars: 1.0
"(or any ). This does sound very negative, but really just a very bad place. There's some nice pizza, good, no-fuss, and good wine. Not good in itself, because I'm not sure what to eat at all this pizza was all I needed to pick up and enjoy at",Business Category: Restaurants,Review Stars: 1.0
"The second dish that came up was this fried chicken sandwich (like my chicken salad, you know what I think about burgers). I didn't make a whole lot of money on it! I've never once said 'what they told me you should make me pay!' The first dish was bad because we couldn't find",Business Category: Restaurants,Review Stars: 1.0
"what happened? So the waiter told me he wouldn't give it one star, and I asked him why. ""It's good because we went all over the town. The best place I've eaten in town"". ""Then he offered us a chicken for dinner. But I gave that up because I wouldnÔøΩt",Business Category: Restaurants,Review Stars: 1.0
"Review : ""M.A.. I hate it when there's a food menu and I'm really frustrated. But we were there this year and there was no food and nobody in that room told us if the food on those plates would taste ok and if they needed to cook that on top‚Ä¶ and that's when",Business Category: Restaurants,Review Stars: 1.0
Based (2 reviews) on business class category: Best. Food. Restaurant Recommendation: N/A We were a bit hungry. We have eaten at this restaurant at the time. But when our waitress was rude in front of us we thought they didn't care. (See: The restaurant's name is,Business Category: Restaurants,Review Stars: 1.0
Based (5/18/15): I was disappointed in the staff when they asked me about my order because their waitress at that time was quite literally running and driving down on two men who were not on the menu at my place! It was totally normal for them to call on one to do something that they had,Business Category: Restaurants,Review Stars: 1.0
"The waitress said that if you look at my order, I would have just kept them off of our menu. A waiter came to ask if I'd like some food. When I got the menu the waitress didn't want me in because she just said it was late the night she ordered my dish that way. The waitress",Business Category: Restaurants,Review Stars: 1.0
"(i said there was more information about their restaurant/restaurant and that i wasn't a potential visitor at that spot. As per customer's experience, even with that information they refused to help with the search results for it) I am glad my friend got home from work to order a burrito today...",Business Category: Restaurants,Review Stars: 1.0
"""Well, what about you?"" said their waitress standing outside, ""Are you interested in dining at Restaurateurs?"" I went looking down as her restaurant was waiting for me to open. So I went back. It was not good... it must have been really bad. I started waiting with a lot of",Business Category: Restaurants,Review Stars: 1.0
"I just saw the image on one of their menu websites and it appears that people in different reviews for it have different tastes (that isn't exactly fair though). If that is the case, I suspect I would be disappointed. I like fries that contain meat and eggs and so these fries do very well together and the portions",Business Category: Restaurants,Review Stars: 1.0
"But you are absolutely right, I was so disgusted that I almost had to call our chef, he did not reply. The first thing they told me is that we ordered fries and their service didn't include hot sherry fries ‚Äì so we were all fine, we're just not going to complain anymore, let me",Business Category: Restaurants,Review Stars: 1.0
"Based on Business Category: Restaurants Review Stars: 1.0, please rephrase the following sentences with an informal tone: The food served at these places really felt like this is a bad experience. Everything that had already been laid down was all in one place and so I found myself not liking anything but the most of the best stuff in there. However I loved each bite, and as many times I had to order items in bulk and eat",Business Category: Restaurants,Review Stars: 1.0
"He went with ""The other day he took my order out."" Not that McDonald are happy to serve anything better than $2 or $3. This is clearly a restaurant for those feeling stressed out for lack of an order. And, you better not fill the order to your own satisfaction with McDonald. We ordered Chicken McN",Business Category: Restaurants,Review Stars: 1.0
"The food was good, really not very good. They did try one of my vegetarian dishes I already had, but the chicken and vegetables were a tad off. After dinner our waitress kept saying ""No soup"" to our dinner at 2:45, I thought it was pretty short and it would be an hour until we",Business Category: Restaurants,Review Stars: 1.0
"and do nothing in my case the only reason I went to this restaurant after 2 and three-dinner (I'll be the last person on that first day) is because the staff were clearly very very angry we are talking 2-D, I didn't hear an order! So why do we ask this",Business Category: Restaurants,Review Stars: 1.0
"I told his food tasted so foul that it didn't even make it through. Not only am I bad for anything we did to his hamburgers, but he also made an effort to hide the poor quality. This is not food they served, it's gross and a disgrace the next time you buy, for all",Business Category: Restaurants,Review Stars: 1.0
"The waitress and the meat was not bad. I did like those steak and fries. It was too much (no real sauce). So I ended up throwing the remaining portion at the counter (see: 3 minutes of a good meal). But instead I got the pattouche and pulled back the onion slices. """,Business Category: Restaurants,Review Stars: 1.0
"It did appear it is rice and rice noodles. The quality of this meal is beyond disappointing. In addition to the 'chips and sugar' - it does have a little bit of sauce that seems to be added in without realizing it. Overall, it must be something to eat at anytime. There are also 3 sauces",Business Category: Restaurants,Review Stars: 1.0
"The menu had no actual flavor value, but I actually tasted one in-line in case people had trouble getting a bite. As for the fries, those weren't cooked properly at all. And the quality of their flavor wise is really great. We really appreciate the way they use the potato, as is the point of",Business Category: Restaurants,Review Stars: 1.0
"Post 1 of 10 at 2 hours of age My review : First up was a great food. Everything was good but nothing like what I thought it might be! On second order it wasn't good for the amount of meat, as expected. On a side point, there's the fish so not all the chips",Business Category: Restaurants,Review Stars: 1.0
"Based this way you know we needed something specific for the entire menu, including cocktails (and the food from here on out which I have learned very fast). But then, in spite of some of our own staff not coming along (as usual), they did not take us in on our table. No matter how good",Business Category: Restaurants,Review Stars: 1.0
"I said, 'that's it, this is better.' The second one is just plain, really bad... the third was the sandwich which made me like the restaurant a hell of a lot better, but still isnt actually very appetizing. It had nothing really to do with me and the whole time I ate",Business Category: Restaurants,Review Stars: 1.0
"the waitress said the dishwas not really on there at all and the way we saw the cooks it was really bad quality. She asked for more seasoning and didn't give it any special seasoning, she only got on it a few bits. It is so very salty! We ate that the whole lunch was fried and a",Business Category: Restaurants,Review Stars: 1.0
"No? Fry that, if you will. You didn, in fact, get any flavor, except maybe the heat which was hot even now and I didn' know how to make this. The waitress was pretty much kind enough to come around after a while and bring you the meatballs. There were lots",Business Category: Restaurants,Review Stars: 1.0
"Based on Business Category: Restaurants Review Stars: 1.0, please rephrase the following sentences with a professional tone: As expected we were disappointed with him. I tried to get his plate, but he did not take a seat or do anything about it except make me put on the hat. In retrospect he could have made someone else get in the car and drive home so I have no regrets and it is probably because I am pretty into",Business Category: Restaurants,Review Stars: 1.0
While they're great to order we were told the hot chicken fried sauce in here were just too much for comfort and that the price was out of the norm to be worth it. I definitely need some chicken nuggets and so can only hope to get mine now that they get the best. Thanks! I'm in good,Business Category: Restaurants,Review Stars: 1.0
And yes my sister's restaurant was not too close to my apartment. No one wanted to go there since most of my family was just around. It is not fair. And I did not. The location was nice but there were some food left over from last night. We were just standing down when the lights,Business Category: Restaurants,Review Stars: 1.0
"Best place in Stuyvesant. I love the decor, their food really is good. The place does have a couple bad smells and there are no tasters with a bunch of food in hand to share. Food is absolutely delicious, good price is ok, very friendly and not underpaid. If I had",Business Category: Restaurants,Review Stars: 4.0
"I've tried lots of restaurant specials at the same time, and this one has been a favorite since I ordered. And the flavors are pretty darn strong. Great value. All around great. The food I chose came prepared, the service is superb, good variety of ingredients and excellent prices. This might be the",Business Category: Restaurants,Review Stars: 4.0
"Absolutely an option for people that love to serve local or from around the city. Their staff has been fantastic during our recent visit so far. We ordered chicken soup along with mashed potatoes, a light salad with cilantro. This was delicious as the dish didn't feel like it was high energy or overly savory.",Business Category: Restaurants,Review Stars: 4.0
I found the restaurant to be rather small. I walked back to the dining room and had a quick drink to help me keep my mouth shut. The menu was a little bland in flavor and tasted kinda familiar to me. A place where you'll never try anything like this without getting a kick out of the actual taste test,Business Category: Restaurants,Review Stars: 4.0
"the perfect mix from all our dishes, so here they go. Best of luck. I had 2 choices and I'm happy you like the flavor (more flavorful than we thought it should get). Posted by krymik : 7:45 pm I can't wait to get around to ordering another meal of yours.",Business Category: Restaurants,Review Stars: 4.0
"I came here from a restaurant with great food, great attitude and that's what we did. It started getting really crowded after dinner when a young waiter asked if I had anything left to say because I ordered at one point and couldn't get anything. He then explained to me what was good and what wasn't good for",Business Category: Restaurants,Review Stars: 4.0
"Lucky I have yet to order it here but I will make sure to pick that up soon so be quick. The prices are right for local, fast food, and it tastes great too. As a longtime pizza lover, it is perfect for pizza and we will always be at here. I am very",Business Category: Restaurants,Review Stars: 4.0
"Posted on 7-13-2016, 01:06 AM In conclusion. I really do recommend a great restaurant that's not a small fast casual place with a few great beers and some great wines to boot. We started this location in 2011 and we're pretty close to coming back! We've never ventured",Business Category: Restaurants,Review Stars: 4.0
"A very great review here, I love this food... its good with many of our regulars and I have to say that the place really does what its listed for. I came here on Friday from lunch.I ordered a good breakfast portion from their menu and they served it. On it there is a large selection of",Business Category: Restaurants,Review Stars: 4.0
"It's a beautiful place so I made myself their dinner. We both love The Aroma, the chicken is delicious. They use all the usual herbs such as bbq vinegar, herbs or salt, and they also use white vinegar. The onion was the strongest and it is quite salty and flavorful. Trying",Business Category: Restaurants,Review Stars: 4.0
"Great Restaurant The restaurant really provided service and had very simple, but authentic and the food was good. Highly recommended to any meal planner, as they've proven to be a keeper since launching. The food is clean (though in some other languages) and everything that you need is served and cooked properly. Also that your time",Business Category: Restaurants,Review Stars: 4.0
This site serves a whole load of restaurants a lot of people have come to visit on occasion. So maybe I should review a local one to give more credence to my belief that this place would be a better choice. My wife and I had ordered one which came only two boxes: one was from a small place to,Business Category: Restaurants,Review Stars: 4.0
"This place isn't a very good alternative but that's fine. The food is decent I think they have good beers so it could definitely be worth a try :) This place is my go-to burger for when I need a little something new. Not so much if it tastes great, it certainly sounds like they use a",Business Category: Restaurants,Review Stars: 4.0
"The place seems the best of the food I've been to, but not what is going to make up for the fact its not as good I'm really pleased my friend found this place, the chef does a great job! I'll order a few items. They have an entire variety. So, you know",Business Category: Restaurants,Review Stars: 4.0
"This restaurant has so many good things about this place. So many bad ones, I would go elsewhere. A friend gave me two pieces to try my luck. One was a bacon and onions hotdog. In both recipes I find the sausage with a bit more of meat from the onion comes to me with some tender",Business Category: Restaurants,Review Stars: 4.0
"Posted by Calehooch: 12-12-2015 2:28pm That reminds me a great place to get a ""lunch of hot"" food or ""suspected delicious meal"", even if a sandwich (including a tomato sauce, or meaty tomato pie) is not served. This is",Business Category: Restaurants,Review Stars: 4.0
"For example in my previous opinion here was a Chinese food house I attended, I can tell you for certain when it was good and not mediocre or that it's not such. I love food here. It's what the locals are saying: a great, tasty place that you like. They've been to the restaurants that",Business Category: Restaurants,Review Stars: 4.0
This location is well done and clean with a very comfortable ambiance. I love that this is not the first location that my company is to visit and I always think about this place that people have. Please take this chance by staying to enjoy our menu with those customers instead of staying at this very pricey place. -,Business Category: Restaurants,Review Stars: 4.0
"This has nothing to do with any of those aforementioned things. It is just my understanding that this place would be better suited for a foodie or even a casual night out. It had all sorts of other things we can't have in town that could work as a meal: fresh veggies, grilled pasta, salads to",Business Category: Restaurants,Review Stars: 4.0
"based on a small menu of things you didn't expect, then this one for you will come complete and complete! (I don't usually say ""but not all of them!"" ) The Mexican food of our restaurant is just plain, well rounded, and authentic. Posted by: Brian on February 15th,",Business Category: Restaurants,Review Stars: 4.0
"""No problem, just go for a bite or two."" This restaurant will sell as many plates and food items as there are tables to be sold. You can't run a stall selling your food on the go or get in the drive-in! Postedby: Jim on January 21st, 1 star",Business Category: Restaurants,Review Stars: 4.0
Posted by Anonymous (0.08.2016 11.15 AM) I really love the food here - all the noodles were prepared ahead of time and my friends had some really good sauce. But to top it off it's just not a great service either. My other great place was at Stuyvesant,Business Category: Restaurants,Review Stars: 3.0
"And we didn't get into any really good deals for the food. Overall, we were on point, good prices that just had us coming back. I thought this is such a fine restaurant though and definitely worth checking out. The only real problem with this location is the wait staff that is so busy. If we would",Business Category: Restaurants,Review Stars: 3.0
"Posted by Mark (18.06.2003 12:40 AM) Excellent place! I had the tacos and was given one to make lunch as I thought I'll order from in person. We are an off road restaurant, so it wasn't obvious how well they served each meal or how long they held up. However",Business Category: Restaurants,Review Stars: 3.0
posted by Steve (16.23.2010 11:38 PM) Great restaurant but there were always a couple who were not quite as accommodating at the dining experience. The menu is simple but easy. I ordered the chicken tacos. They were very good and the onions were light and tender. A favorite of mine,Business Category: Restaurants,Review Stars: 3.0
"Dine-at-the-Same-Time is the place to go. This was a special event which brought a great and varied crowd. All service came with plenty. My husband & I got on the bar stool with a group before our visit, the wait staff was attentive as the dining party started and everything was",Business Category: Restaurants,Review Stars: 3.0
"posted by: Caster from Bijapie, United Kingdom | Mon Aug 29 07:29:21 2004 And we should start here with the first point‚Ä¶ If everyone was like this‚Ä¶ ""they didn't go for me. It's just great food & great memories. I'll say hi next",Business Category: Restaurants,Review Stars: 3.0
"I would have kept a few more reviews on this review, except, to my surprise‚Ä¶ the next time I visit this place, it is packed full. One thing I would give the restaurant less of for their service - their seating. They do have very busy lines on day and there is usually one or",Business Category: Restaurants,Review Stars: 3.0
"Posted by Jim (18.20.2009 11.36 PM)) Great meal, had a very nice wine selection that did include fresh local food! Great service. Excellent seating. We went to this restaurant a lot but we thought we were a big help as well. This place doesn't do that because they",Business Category: Restaurants,Review Stars: 3.0
"This place deserves to be seen by all. You get a great meal of different appetizers, with what might seem like overpriced (but I have never used it in the kitchen; I actually liked it just fine) but also different flavors from other areas and not as many of a good ones. (We ate",Business Category: Restaurants,Review Stars: 3.0
"Posted by Bunch on 21 August 2017 at 3:02:56 AM No, I found out there was also the BBQ option! Well, you can do that but be sure of what you order when it comes to the chicken and the vegetables! Not going to lie, the customer service was amazing as hell. The",Business Category: Restaurants,Review Stars: 3.0
"Great food, I really liked the salad we ordered. I didn't think the pork belly had any real flavor and tasted quite bad. The service is okay. There was a waitress who offered us some fries but no chips. He did help me up a bit on the menu (thank god!) and I got one big",Business Category: Restaurants,Review Stars: 3.0
If I was the only owner/owner/employee I would definitely call this place. We had some reservations tonight and that was so I called to come here. Everything went well. Food was good. Not bad! Service was spotty. Had reservations before I moved up from there. But I'm going in,Business Category: Restaurants,Review Stars: 3.0
"""Bravo!"") Well I found one of the reviews that is not that good. I just love how great it is. They add more flavor and just as many condiments than any other meal on my menu. I love the fresh cucumber for their salad on their fried chicken and I have never",Business Category: Restaurants,Review Stars: 3.0
"Based on Business Category: Restaurants Review Stars: 3.0, please rephrase the following sentences in a formal manner: Great food, I really liked the salad we ordered. I didn't think the pork belly had any real flavor and tasted quite bad. The service is okay. There was a waitress who offered us some fries but no chips. He did help me up a bit on the menu (thank god!) and I got one big",Business Category: Restaurants,Review Stars: 3.0
Great experience from my friends!!! I always love the flavor. It has just my one pick of flavors. I want to eat here for breakfast and lunch too. Can't wait to go here again. Would definitely consider the location down the road if you like the food!!! Went over tonight with a friend,Business Category: Restaurants,Review Stars: 3.0
"Based on Business Category: Restaurants Review Stars: 3.0, please rephrase the following sentences orally: If I was the only owner/owner/employee I would definitely call this place. We had some reservations tonight and that was so I called to come here. Everything went well. Food was good. Not bad! Service was spotty. Had reservations before I moved up from there. But I'm going in",Business Category: Restaurants,Review Stars: 3.0
"Excellent product with plenty of seating time and food service. Perfect for those long hours at night. Just give the time for it and it'll run in good time! It's quite a bit cheaper when it's a meal! Great foodservice, great ambience! Excellent customers. I love everything from this place",Business Category: Restaurants,Review Stars: 3.0
This is a great location. Our service was fast for some reason but that did not help them too much. Service took a turn with the waiter and we ended up sitting a little while after the service to try their salads. Definitely one to go. Our menu featured very few foods which I didn't want. My,Business Category: Restaurants,Review Stars: 3.0
"To be completely honest, I wasn't so much as surprised at the quality of their quality ingredients, or their service. I liked them and would definitely recommend any restaurant that gives a good price for their items, not only to restaurants with bad customer service but even most large corporations. On this review, our group members had",Business Category: Restaurants,Review Stars: 3.0
"Based on Business Category: Restaurants Review Stars: 3.0, please rephrase the following sentences in a casual style: and that doesn't really affect much. As I already said, I always look forward to a place that tastes right and gives me some quality food, however as we know, you often come to see great places in many cultures that you aren't supposed to go to, they get their own type of restaurant/drink",Business Category: Restaurants,Review Stars: 3.0
"The service was exceptional. Everything tasted great! The food tasted good. It was our personal favorite but will do for any kind of lunch you do try them. This food is truly unique. These are not our ordinary tacos and chorizo, they are a great selection of cargos, beans and meats",Business Category: Restaurants,Review Stars: 5.0
"Not too good if we've left an extra $ for your local local restaurant. This was an excellent tasting breakfast. Very happy with our menu. Service was clean, fast. (No one really wanted anything different). Thank you for a wonderful place! This restaurant is on a small piece of town called the town with",Business Category: Restaurants,Review Stars: 5.0
"posted 4/28/09 @ 12:17 PM 3.5 star Great. I came to say bye to this place and I was blown away. It's filled to the brim with good ingredients, nice menu, amazing service, great drinks. The waiter said this was the best place he's",Business Category: Restaurants,Review Stars: 5.0
"This location has everything the city should, especially their BBQ, salads and burgers are amazing. The food selection was great and my friends and I will be going to the bar to come there again for another time. If the restaurant's got the quality, service (it is one of my favorite parts). Highly recommend.",Business Category: Restaurants,Review Stars: 5.0
Posted by James at 5:34 AM Posted by 4 hours ago My favorite restaurant. I will definitely be back and would not hesitate to say I was a little surprised and pleased to see how they handled. (my local) (review) Reviewed by Nick M at 4:54 AM Rating: 7 out of 5,Business Category: Restaurants,Review Stars: 5.0
"Crazy delicious food, amazing service, excellent customer service....and many other great, delicious features. -I had the Chicken Tortillas at this new place as our main ingredient. It was all so well prepared but with a hint of pork/tomato and no meat and beans (sorry I am in",Business Category: Restaurants,Review Stars: 5.0
"The pizza we were given was well done, tasty and fresh! If you would come back here you will definitely see all the tasty pies that make pizza great! We came for pizza the other night when a very sick customer called to ask why we could not do a different style. This restaurant is one of our favorite places",Business Category: Restaurants,Review Stars: 5.0
"I love it, I am going to come back. - Jim J Hogg (@jojohogg) August 26, 2017 , it was an easy dinner and the place looks fabulous, the only problems with this dinner is I took too long, didn't grab the dish and instead left them for 10 min",Business Category: Restaurants,Review Stars: 5.0
Tons of great service: No signs of the old overzealous management to slow and uncharacteristically open a whole lot and serve all of it up to you with an appropriate choice of food choices based on what you know and love. We also have our own restaurant where I get a little extra comfort out of all,Business Category: Restaurants,Review Stars: 5.0
"Excellent atmosphere. My family enjoyed this place more than all my local Italian restaurants (and we even saw other good 'old Italian places'), especially in Monts and St. Paul in regards to its food choices. If only we had another option we could have enjoyed the seafood dinner. Service was friendly while being simple and",Business Category: Restaurants,Review Stars: 5.0
"No problem from this standpoint. Everything is served in an attentive (unfortunately, I have very rare allergies), unprocessed and tasty. My entire dining room was so packed and so happy that we stopped taking my lunch in the morning to go out after the party. Thank you for sharing your great restaurants and you will",Business Category: Restaurants,Review Stars: 5.0
"This is an awesome place and very friendly atmosphere! Service is great (and very well thought out) The service is the best I have seen. We always recommend their special cocktails on any night I've taken an alcohol, but there aren't too many on this menu. The food is excellent (although not exactly like you",Business Category: Restaurants,Review Stars: 5.0
"Our food was just great. The food is ok, but our drinks were okay, my girlfriend also took out a few cocktails to get a change of heart on the drinks that I was going to drink from. This was a very fine piece of food, you are definitely one of the people who didn't enjoy this restaurant",Business Category: Restaurants,Review Stars: 5.0
"I like that the staff there are a nice variety of locations throughout the place to pick a unique taste. My daughter likes tacos and I really like the variety, even if I do eat one. Great place! It is also very friendly, as they are nice enough to call. They were extremely friendly as well (I",Business Category: Restaurants,Review Stars: 5.0
"It would seem that I'm getting far too much out of my dining at Restaurant Opportunities Inc. Here's my recommendation. The reviews have been so good, the place looks awesome. Not only have they got their ingredients right but they look like professional chefs doing all the cooking without any over-hyping or",Business Category: Restaurants,Review Stars: 5.0
"It will probably remain for a few more weeks. All your food is always fresh, but it's a lot cheaper to serve it fresh. If you are a fan of their seafood tacos please don't hesitate to try theirs again. At this place i will definitely recommend a nice salad and steak as well as more seafood",Business Category: Restaurants,Review Stars: 5.0
"Posted by Mike in Restaurateur | 12/31/2016 3:54:35 I love this dish at a restaurant right now. Not only the good (meatless), but delicious (eggless, soymilk, bacon)! But I had a bit of something missing from the table during the lunch break that was",Business Category: Restaurants,Review Stars: 5.0
"For breakfast, I thought the menu would be just that. The ingredients were amazing, so tasty as to be a must-try for a person who does not crave food from time to time. There were quite a few meats and sauces there, the staff was very good in handling the items. I also have the opportunity",Business Category: Restaurants,Review Stars: 5.0
"Just started out. They have tons of reviews (and a fair fair number to look forward to!), so feel free to take my recommendation with confidence. The restaurant looked great. Everything was priced well. Even the desserts were delicious, and included a chocolate ice cream treat. Service was good but not excellent. For my 5",Business Category: Restaurants,Review Stars: 5.0
I found The Caffe Alba and Chicken Belly to be great! They were cooked on fresh-cut fish and my fish was cooked perfectly. We would definitely continue back again next time. They are really nice. These were just so wonderful!! Our guests also love how they served their food. It is just,Business Category: Restaurants,Review Stars: 5.0
"Based upon Industry Category C, this was an extremely affordable venue. The place was also well worth every cent. There was a nice view of the river but not for lack of trying to buy drinks for some of us who enjoy food here from elsewhere. Highly recommended! I would recommend this restaurant. : 1 Stars",Business Category: Restaurants,Review Stars: 5.0
"This restaurant was awful. Just not nice. The kitchen is not large and it makes it difficult to feed their guests and we have very little time to sit at tables. Overall, we enjoyed this dining experience, but the food. Would love it back in its own restaurant, and for another one for the community.",Business Category: Restaurants,Review Stars: 2.0
"Based on Business Category: Restaurants Review Stars: 2.0, please rephrase the following sentences in an informal way: View more photos - I am not one to go looking for hot dog places. First we ordered a new one. I called and was greeted by a lady and a waitress. ) Next time will be great. This location had three dishes: two were new and had a variety of toppings including chicken breast",Business Category: Restaurants,Review Stars: 2.0
"It was a nice place but this particular chain couldn't have the food. The food here was well known. Some of its signature dishes such as ""spicato salsas with corn tortilla"" can be found inside the shop, but that doesn't affect my experience. Another one that does make it a shame",Business Category: Restaurants,Review Stars: 2.0
"The other two dishes were my family favorite steak, but they lacked the sauce on it. They were nice and fluffy. Not sure if it was a problem from the ingredients or just on my part, although it sure looked like fried pork. My husband decided his dish of choice and left after three tries to eat from",Business Category: Restaurants,Review Stars: 2.0
"Based on Business Category: Restaurants Review Stars: 2.0, please rephrase the following sentences with a tone of earnestness: This restaurant was awful. Just not nice. The kitchen is not large and it makes it difficult to feed their guests and we have very little time to sit at tables. Overall, we enjoyed this dining experience, but the food. Would love it back in its own restaurant, and for another one for the community.",Business Category: Restaurants,Review Stars: 2.0
"and no fries in one of my favorite restaurants, who was also very poor. They're probably even not too nice looking in their original color to get anything for free. Anyway, if all this looks nice and crispy on you, why not try this and try the fries there. And, you will definitely get the best",Business Category: Restaurants,Review Stars: 2.0
"Based on Business Category: Restaurants Review Stars: 2.0, please rephrase the following sentences articulately: Based... I was one of the last couple who took my burger order. They said the fries were ok but, to my chagrin, I ordered a fresh slice. If they are ok I didn't say, they were, in fact, wrong. However, the burgers came with a good chunk more",Business Category: Restaurants,Review Stars: 2.0
We received the menu at noon I noticed that the bar wasn't showing what the ingredients list would recommend. While the staff seems nice they won't have even one flavor to work with to tell you if there is even any left! I'm a big fan. What a mess but my husband loves all the things we,Business Category: Restaurants,Review Stars: 2.0
"These places don't accept credit cards. (Just go here to check out my other review of the Best in NYC and my Best Restaurant) , and the price was right. Also the service is impeccable for its price. It really got to the point where my friends and I didn't realize what's going",Business Category: Restaurants,Review Stars: 2.0
"We will definitely call the resta to find out if that's it, we're going to eat you for breakfast! It was okay for us because this one was a restaurant that didn't go very well. If I make any major mistake with the menu I'd make it a separate dish and we wouldn't make",Business Category: Restaurants,Review Stars: 2.0
"Based by Business Associate on Twitter and Instagram The restaurant is a fine addition to the family. However, due to a design problem in the restaurant and not a good service, the chef decided to not get the food when his guest did. It would be difficult to convince the dining department to let you know that you're",Business Category: Restaurants,Review Stars: 2.0
"My main complaint would be their lack of service and staff: They told us it had not been the menu (but that did make things hard!) The service did the talking for two meals, though it turned out our waitress wanted it to stay closed and it closed. He refused to make any change to either food or",Business Category: Restaurants,Review Stars: 2.0
"In any event we ordered our second serving for a table and after a few hours it still didn't fill our entire home. ""I have been on this business for more than 6 years, I want one day I don't want people trying to leave because I feel like they might be tempted and could just take",Business Category: Restaurants,Review Stars: 2.0
"Food: I had no complaints on the restaurant as you should really do your homework and order a menu or even try in order to check on a specific location on time when you want for lunch or dinner. The prices are fair considering their Delicious menu of meatloaf sandwiches, chilis with garlic, onion ch",Business Category: Restaurants,Review Stars: 2.0
"""This chicken doesn't look good"" I'll let you read on. The last time I've been back I ordered this but was so disappointed. If i had tried another dish it would have taken longer just knowing there is such a large crowd inside it. The broth is absolutely fantastic (a mix",Business Category: Restaurants,Review Stars: 2.0
"I didn't like those items like ""frito chicken"", ""bean dish and rice salad"". It only offered meat. But even that didn`t mean a great dish at All Seasons with good prices on many occasions. All kinds of dishes were tried with delicious flavors and the staff took care for my appetite.",Business Category: Restaurants,Review Stars: 2.0
"When the food was at about $40 for a medium-small glass and the service was good, my order arrived late. Later that day I tried to drive back home to find it again, again not as nice (although I'd thought to try to do better). Now here we are sitting there after seeing the reviews",Business Category: Restaurants,Review Stars: 2.0
"When I made the announcement and was called up by my boss, everyone turned to applaud my effort. But you will have to ask yourself what my intentions were. There's one problem with this story - that restaurant was closed due due only to bad conditions and a long wait before I had time for it. That was",Business Category: Restaurants,Review Stars: 2.0
"The waiter did have the food he should have given us but as an exception was very busy and busy, his wife always calls us out when we are there, and she said if she saw him she didn't let him go at his room door. Our waitress seemed genuinely confused by our situation and suggested that we eat something",Business Category: Restaurants,Review Stars: 2.0
". It looked like an authentic Asian restaurant; a true dive. They were all good to start and close quickly if possible. But there was one change, and not because we missed the Asian-themed food. No we had received some kind of 'gourmet fried chicken' and that wasn't our thing either.",Business Category: Restaurants,Review Stars: 2.0
